month,rate
2015-02,2.06087
2015-03,2.14914
